N,serial_time,batched_time,speedup,throughput_serial,throughput_batched
10,1.892733097076416,0.0021359920501708984,886.1142984708115,5.283365105965739,4681.665364437995
100,1.6589999198913574,0.002624034881591797,632.2324186807197,60.27727837777634,38109.24950027258
500,8.25729513168335,0.00438380241394043,1883.5919943438298,60.5525165355291,114056.235383695
500,8.24801516532898,0.004116058349609375,2003.862546339203,60.620645085835875,121475.44022242818
